/*MECANICOS*/
insert into MECANICO values ('03022001',  'Luis', 'Lugo', 3, 'Contratado');
insert into MECANICO values ('02343602',  'Charlie', 'Ourense', 3, 'Contratado');
insert into MECANICO values ('10674003',  'Manuel', 'Ourense', 1, 'Contratado');
insert into MECANICO values ('03453004',  'Cris', 'Xinzo', 2, 'Contratado');
insert into MECANICO values ('00452305',  'Marisol', 'Carballino', 3, 'Contratado');
insert into MECANICO values ('04532406',  'Diego', 'Xinzo', 5, 'Contratado');
insert into MECANICO values ('00343507',  'Adrian', 'Carballino', 7, 'Contratado');
insert into MECANICO values ('03453310',  'Maria', 'Lugo', 3, 'Free-lance');
insert into MECANICO values ('00343020',  'Angel', 'Lugo', 1, 'Free-lance');
/*FABRICANTES*/
insert into FABRICANTE values ('INTEL',  'Si', 'Ourense');
insert into FABRICANTE values ('GIGABYTE',  'Si', 'Lugo');
insert into FABRICANTE values ('KONAMI',  'No', 'A Coruña');
/*MAQUINA*/
INSERT INTO MAQUINA VALUES ('01245896', 'Maquina de productos. Bebidas', 2, '12/01/07', 'INTEL', '03022001');
INSERT INTO MAQUINA VALUES ('09134556', 'Maquina de productos. Bocatas', 2, '22/06/08', 'GIGABYTE', '10674003');
INSERT INTO MAQUINA VALUES ('02049245', 'Maquina de productos. Fungibles', 1, '01/11/08', 'INTEL', '04532406');
INSERT INTO MAQUINA VALUES ('02049585', 'Maquina de productos. Dulces', 2, '12/05/07', 'KONAMI', '03453004');
INSERT INTO MAQUINA VALUES ('02145698', 'Maquina de productos. Combinados', 0, '09/09/06', 'INTEL', '00452305');
INSERT INTO MAQUINA VALUES ('00021458', 'Maquina de productos. Combinados', 1, '01/03/07', 'INTEL', '00452305');
INSERT INTO MAQUINA VALUES ('00014598', 'Maquina recreativa. 3 bombos simples', 0, '14/05/05', 'KONAMI', '00343507');
INSERT INTO MAQUINA VALUES ('07852423', 'Maquina recreativa. 5 b 1 arriba wertern', 1, '21/02/06', 'GIGABYTE', '00343020');
INSERT INTO MAQUINA VALUES ('07834567', 'Maquina recreativa. 3 b 2 arriba tesoro', 1, '21/02/06', 'KONAMI', '02343602');
/*MAQUINA_P*/
INSERT INTO MAQUINA_P VALUES ('01245896', '032002', 'Bebidas', 255, 40, 600);
INSERT INTO MAQUINA_P VALUES ('09134556', '389225', 'Bocadillos', 120, 25, 600);
INSERT INTO MAQUINA_P VALUES ('02049245', '035900', 'Fungibles', 400, 75, 800);
INSERT INTO MAQUINA_P VALUES ('02049585', '312002', 'Dulces', 300, 32, 700);
INSERT INTO MAQUINA_P VALUES ('02145698', '033002', 'Combinado', 321, 42, 550);
INSERT INTO MAQUINA_P VALUES ('00021458', '025456', 'Combinado', 206, 19, 550);
/*MAQUINA_L*/
INSERT INTO MAQUINA_L VALUES ('00014598', '023252145236985', 60, 152, 200);
INSERT INTO MAQUINA_L VALUES ('07852423', '032142136521529', 60, 452, 300);
INSERT INTO MAQUINA_L VALUES ('07834567', '000125547789963', 70, 256, 452);
/*PREMIO*/
INSERT INTO PREMIO VALUES (452);
INSERT INTO PREMIO VALUES (300);
INSERT INTO PREMIO VALUES (200);
/*CONTIENE*/
INSERT INTO CONTIENE VALUES('00014598', 200)
INSERT INTO CONTIENE VALUES('07852423', 300)
INSERT INTO CONTIENE VALUES('07834567', 452)
/*PUEDE_DAR*/
INSERT INTO PUEDE_DAR VALUES ('00014598', '05/12/09', '20:58', 200);
INSERT INTO PUEDE_DAR VALUES ('07852423', '29/11/09', '15:21', 300);
INSERT INTO PUEDE_DAR VALUES ('07834567', '03/12/09', '22:19', 452);
INSERT INTO PUEDE_DAR VALUES ('07834567', '04/12/09', '15:19', 452);
/*PRODUCTOS*/
insert into PRODUCTOS values (001, 'Bebida',1,'Coca Cola');
insert into PRODUCTOS values (002, 'Bebida',0.8,'Agua Mineral');
insert into PRODUCTOS values (003, 'Bebida',1,'Kas naranja');
insert into PRODUCTOS values (004, 'Bebida',1,'Kas limón');
insert into PRODUCTOS values (005, 'Bebida',1,'NesTea');
insert into PRODUCTOS values (006, 'Bocadillo',2,'Jamón y queso');
insert into PRODUCTOS values (007, 'Bocadillo',1.5,'Mortadela y queso');
insert into PRODUCTOS values (008, 'Dulce',1,'Donust');
insert into PRODUCTOS values (009, 'Dulce',1.2,'Donust chocolate');
insert into PRODUCTOS values (010, 'Dulce',1,'Curasant');
insert into PRODUCTOS values (011, 'Dulce',1.2,'Curasant chocolate');
insert into PRODUCTOS values (012, 'Bolsa',1,'Leis Campesinas');
insert into PRODUCTOS values (013, 'Bolsa',1,'Leis Mejicanas');
insert into PRODUCTOS values (014, 'Bolsa',1,'Matutano Jamón Jamón');
insert into PRODUCTOS values (015, 'Bolsa',1,'Matutano Al punto de sal');
insert into PRODUCTOS values (016, 'Bolsa',0.25,'Pelotazos');
insert into PRODUCTOS values (017, 'Fungible',0.9,'Boli Bic azúl');
insert into PRODUCTOS values (018, 'Fungible',0.9,'Boli Bic negro');
insert into PRODUCTOS values (019, 'Fungible',3,'Caja de condones extra finos');
insert into PRODUCTOS values (020, 'Fungible',1,'CD R de 700mb');
insert into PRODUCTOS values (021, 'Bolsa',0.5,'Pipas Facundo');
insert into PRODUCTOS values (022, 'Bolsa',0.5,'Doritos');
insert into PRODUCTOS values (023, 'Bolsa',0.5,'Doritos TexMex');
insert into PRODUCTOS values (024, 'Fungible',1.5,'Types');
/*PROVEEDORES*/
insert into PROVEEDOR values ('Matutano', 'Ourense', 'Transferencia');
insert into PROVEEDOR values ('Facundo', 'A Coruña', 'Transferencia');
insert into PROVEEDOR values ('Panaderia Jose', 'Ourense', 'Efectivo');
insert into PROVEEDOR values ('BIC', 'Lugo', 'Transferencia');
insert into PROVEEDOR values ('Durex', 'Ourense', 'Cheque');
insert into PROVEEDOR values ('Verbatim', 'Xinzo', 'Transferencia');
insert into PROVEEDOR values ('Leis', 'Ourense', 'Transferencia');
insert into PROVEEDOR values ('Cocacola', 'Ourense', 'Transferencia');
insert into PROVEEDOR values ('Mondariz', 'Mondariz', 'Cheque');
insert into PROVEEDOR values ('Carioca', 'Cudomundo', 'Efectivo');
/*ALMACENA*/
insert into ALMACENA values ('Matutano',014,300);
insert into ALMACENA values ('Matutano',015,50);
insert into ALMACENA values ('Matutano',016,80);
insert into ALMACENA values ('BIC',017,1000);
insert into ALMACENA values ('BIC',018,1300);
insert into ALMACENA values ('Durex',019,50);
insert into ALMACENA values ('Cocacola',001,1200);
insert into ALMACENA values ('Mondariz',002,2200);
insert into ALMACENA values ('Cocacola',003,1200);
insert into ALMACENA values ('Cocacola',005,2200);
insert into ALMACENA values ('Cocacola',004,1200);
insert into ALMACENA values ('Panaderia Jose',006,20);
insert into ALMACENA values ('Panaderia Jose',007,25);
insert into ALMACENA values ('Leis',013,40);
insert into ALMACENA values ('Leis',012,140);
insert into ALMACENA values ('Matutano',008,40);
insert into ALMACENA values ('Matutano',009,10);
insert into ALMACENA values ('Matutano',010,30);
insert into ALMACENA values ('Matutano',011,140);
insert into ALMACENA values ('Verbatim',020,200);
insert into ALMACENA values ('BIC',024,25);
insert into ALMACENA values ('Carioca',024,25);
insert into ALMACENA values ('Facundo',021,300);
insert into ALMACENA values ('Matutano',022,100);
insert into ALMACENA values ('Matutano',023,40);
/*CARGA*/
insert into CARGA values ('09134556','Panaderia Jose',006);
insert into CARGA values ('09134556','Panaderia Jose',007);
insert into CARGA values ('02049245','BIC',018);
insert into CARGA values ('02049245','Durex',019);
insert into CARGA values ('02049245','BIC',017);
insert into CARGA values ('02049245','Verbatim',020);
insert into CARGA values ('02049245','BIC',024); 
insert into CARGA values ('02049585','Matutano',008); 
insert into CARGA values ('02049585','Matutano',009); 
insert into CARGA values ('02049585','Matutano',010); 
insert into CARGA values ('02049585','Matutano',011);  
insert into CARGA values ('02145698','Matutano',014);
insert into CARGA values ('02145698','Matutano',015);
insert into CARGA values ('02145698','Matutano',016);
insert into CARGA values ('02145698','Matutano',022);
insert into CARGA values ('02145698','Matutano',023);
insert into CARGA values ('02145698','Leis',013);
insert into CARGA values ('02145698','Leis',012);
insert into CARGA values ('02145698','Panaderia Jose',006);
insert into CARGA values ('02145698','Panaderia Jose',007);
insert into CARGA values ('02145698','BIC',018);
insert into CARGA values ('02145698','Durex',019);
insert into CARGA values ('02145698','BIC',017);
insert into CARGA values ('02145698','Verbatim',020);
insert into CARGA values ('02145698','BIC',024); 
insert into CARGA values ('02145698','Matutano',008); 
insert into CARGA values ('02145698','Matutano',009);
insert into CARGA values ('02145698','Cocacola',001);
insert into CARGA values ('02145698','Mondariz',002);
insert into CARGA values ('02145698','Cocacola',003);
insert into CARGA values ('00021458','Matutano',014);
insert into CARGA values ('00021458','Matutano',015);
insert into CARGA values ('00021458','Matutano',016);
insert into CARGA values ('00021458','Matutano',022);
insert into CARGA values ('00021458','Matutano',023);
insert into CARGA values ('00021458','Leis',013);
insert into CARGA values ('00021458','Leis',012);
insert into CARGA values ('00021458','Panaderia Jose',006);
insert into CARGA values ('00021458','Panaderia Jose',007);
insert into CARGA values ('00021458','BIC',018);
insert into CARGA values ('00021458','Durex',019);
insert into CARGA values ('00021458','BIC',017);
insert into CARGA values ('00021458','Verbatim',020);
insert into CARGA values ('00021458','BIC',024); 
insert into CARGA values ('00021458','Matutano',008); 
insert into CARGA values ('00021458','Matutano',009);
insert into CARGA values ('00021458','Cocacola',001);
insert into CARGA values ('00021458','Mondariz',002);
insert into CARGA values ('00021458','Cocacola',003);
insert into CARGA values ('00021458','Cocacola',004);
insert into CARGA values ('00021458','Cocacola',005); 
insert into CARGA values ('01245896','Cocacola',001);
insert into CARGA values ('01245896','Mondariz',002);
insert into CARGA values ('01245896','Cocacola',003);
insert into CARGA values ('01245896','Cocacola',004);
insert into CARGA values ('01245896','Cocacola',005);
/*DISPONE*/
insert into DISPONE values ('09134556',006,23);
insert into DISPONE values ('09134556',007,12);
insert into DISPONE values ('02049245',018,7);
insert into DISPONE values ('02049245',019,3);
insert into DISPONE values ('02049245',017,7);
insert into DISPONE values ('02049245',020,4);
insert into DISPONE values ('02049245',024,8); 
insert into DISPONE values ('02049585',008,11); 
insert into DISPONE values ('02049585',009,12); 
insert into DISPONE values ('02049585',010,15); 
insert into DISPONE values ('02049585',011,19);  
insert into DISPONE values ('02145698',014,22);
insert into DISPONE values ('02145698',015,6);
insert into DISPONE values ('02145698',016,34);
insert into DISPONE values ('02145698',022,2);
insert into DISPONE values ('02145698',023,7);
insert into DISPONE values ('02145698',013,9);
insert into DISPONE values ('02145698',012,12);
insert into DISPONE values ('02145698',006,4);
insert into DISPONE values ('02145698',007,6);
insert into DISPONE values ('02145698',018,3);
insert into DISPONE values ('02145698',019,8);
insert into DISPONE values ('02145698',017,11);
insert into DISPONE values ('02145698',020,2);
insert into DISPONE values ('02145698',024,9); 
insert into DISPONE values ('02145698',008,22); 
insert into DISPONE values ('02145698',009,22);
insert into DISPONE values ('02145698',001,9);
insert into DISPONE values ('02145698',002,8);
insert into DISPONE values ('02145698',003,7);
insert into DISPONE values ('00021458',014,23);
insert into DISPONE values ('00021458',015,4);
insert into DISPONE values ('00021458',016,5);
insert into DISPONE values ('00021458',022,4);
insert into DISPONE values ('00021458',023,12);
insert into DISPONE values ('00021458',013,6);
insert into DISPONE values ('00021458',012,8);
insert into DISPONE values ('00021458',006,7);
insert into DISPONE values ('00021458',007,19);
insert into DISPONE values ('00021458',018,6);
insert into DISPONE values ('00021458',019,5);
insert into DISPONE values ('00021458',017,16);
insert into DISPONE values ('00021458',020,14);
insert into DISPONE values ('00021458',024,5); 
insert into DISPONE values ('00021458',008,14); 
insert into DISPONE values ('00021458',009,12);
insert into DISPONE values ('00021458',001,12);
insert into DISPONE values ('00021458',002,13);
insert into DISPONE values ('00021458',003,2);
insert into DISPONE values ('00021458',004,17);
insert into DISPONE values ('00021458',005,9); 
insert into DISPONE values ('01245896',001,11);
insert into DISPONE values ('01245896',002,16);
insert into DISPONE values ('01245896',003,13);
insert into DISPONE values ('01245896',004,8);
insert into DISPONE values ('01245896',005,12);
/*VENDE*/
insert into VENDE values ('09134556',006,2);
insert into VENDE values ('09134556',007,0);
insert into VENDE values ('02049245',018,0);
insert into VENDE values ('02049245',019,0);
insert into VENDE values ('02049245',017,1);
insert into VENDE values ('02049245',020,0);
insert into VENDE values ('02049245',024,0); 
insert into VENDE values ('02049585',008,1); 
insert into VENDE values ('02049585',009,0); 
insert into VENDE values ('02049585',010,0); 
insert into VENDE values ('02049585',011,0);  
insert into VENDE values ('02145698',014,0);
insert into VENDE values ('02145698',015,0);
insert into VENDE values ('02145698',016,0);
insert into VENDE values ('02145698',022,1);
insert into VENDE values ('02145698',023,0);
insert into VENDE values ('02145698',013,0);
insert into VENDE values ('02145698',012,0);
insert into VENDE values ('02145698',006,0);
insert into VENDE values ('02145698',007,0);
insert into VENDE values ('02145698',018,1);
insert into VENDE values ('02145698',019,1);
insert into VENDE values ('02145698',017,1);
insert into VENDE values ('02145698',020,0);
insert into VENDE values ('02145698',024,6); 
insert into VENDE values ('02145698',008,11); 
insert into VENDE values ('02145698',009,9);
insert into VENDE values ('02145698',001,2);
insert into VENDE values ('02145698',002,3);
insert into VENDE values ('02145698',003,6);
insert into VENDE values ('00021458',014,3);
insert into VENDE values ('00021458',015,1);
insert into VENDE values ('00021458',016,0);
insert into VENDE values ('00021458',022,0);
insert into VENDE values ('00021458',023,7);
insert into VENDE values ('00021458',013,2);
insert into VENDE values ('00021458',012,8);
insert into VENDE values ('00021458',006,2);
insert into VENDE values ('00021458',007,1);
insert into VENDE values ('00021458',018,6);
insert into VENDE values ('00021458',019,4);
insert into VENDE values ('00021458',017,6);
insert into VENDE values ('00021458',020,7);
insert into VENDE values ('00021458',024,2); 
insert into VENDE values ('00021458',008,0); 
insert into VENDE values ('00021458',009,0);
insert into VENDE values ('00021458',001,1);
insert into VENDE values ('00021458',002,3);
insert into VENDE values ('00021458',003,1);
insert into VENDE values ('00021458',004,6);
insert into VENDE values ('00021458',005,2); 
insert into VENDE values ('01245896',001,0);
insert into VENDE values ('01245896',002,6);
insert into VENDE values ('01245896',003,9);
insert into VENDE values ('01245896',004,2);
insert into VENDE values ('01245896',005,5);
/*CONTRATA*/
insert into CONTRATA values ('10/12/05','INTEL','03022001');
insert into CONTRATA values ('20/05/06','KONAMI','02343602');
insert into CONTRATA values ('02/06/05','INTEL','10674003');
insert into CONTRATA values ('16/09/07','GIGABYTE','03453004');
insert into CONTRATA values ('23/08/08','GIGABYTE','04532406');
insert into CONTRATA values ('23/01/07','KONAMI','04532406');
insert into CONTRATA values ('01/11/04','INTEL','00343507');
/*AVERIAS*/
insert into AVERIA values (404,'La página no puede ser encontrada','11/12/09');
insert into AVERIA values (505,'Fallo electrico','13/12/09');
insert into AVERIA values (606,'Descunfiguración del sistema operativo','13/12/09');
insert into AVERIA values (808,'Necesidad de reparaciones mecánicas','18/12/09');
/*REPARA*/
insert into REPARA values ('25/04/08','01245896','03022001',404,15);
insert into REPARA values ('04/12/07','02049585','03453004',808,20);
insert into REPARA values ('08/09/07','00021458','00452305',606,10);
insert into REPARA values ('20/06/05','00014598','10674003',505,5);
insert into REPARA values ('20/06/05','00021458','10674003',505,25);
insert into REPARA values ('20/02/07','00021458','00343020',404,12);
insert into REPARA values ('20/02/07','00021458','00343020',505,10);
insert into REPARA values ('20/02/07','07852423','00343020',404,5);